"","p.value","HR","Low 95%CI","High 95%CI"
"DUSP9",0.716295592666701,0.976296942064625,0.857818110581426,1.11113965458096
"IL1A",0.0106447328735097,1.14872266643381,1.03278089556296,1.2776802611744
"HOXC13",0.200826331793394,1.11647502651724,0.943052317796337,1.3217893231517
"ECHDC3",0.456013683982056,1.05955779948351,0.910047297697357,1.23363118959527
"HOXD13",0.971702534528878,0.997678012111362,0.877420612943054,1.13441763410575
"ACOT7",0.68243300061776,0.939806055985506,0.698041121803604,1.26530571807134
"CASP14",0.605767031463364,1.01688922687967,0.954228254874674,1.08366493494761
"SLC16A1",0.08121773909688,1.15775521891376,0.981992991920977,1.36497628593048
"RGS20",0.0556394768464954,1.23617133917885,0.994904320609113,1.53594626955853
"ENO1",0.0135043022747512,1.5596848922975,1.09615540323769,2.21922635793786
"S100A3",0.0820388387461352,1.15048414159938,0.982343462817888,1.34740425337064
"HOXD11",0.662528995654346,1.03319158631709,0.892267691821087,1.19637286413199
"SH3GL3",0.38219177428878,0.900862807133921,0.712793947489287,1.13855315429626
"PRDM13",0.829866702909435,1.02701427229876,0.805343947894505,1.30969918910164
"PYGL",0.0663393292049301,1.18946866342273,0.988365794683917,1.43148994924205
"LGR6",0.251435235086548,1.09760997688236,0.936103032420482,1.28698190223419
"KIF9",0.24669028190894,0.834733310168349,0.614911761274582,1.13313770037563
"DACT2",0.303954919262164,0.925558416992435,0.798636935323708,1.07265059425071
"P4HTM",0.312233014922865,0.875321868242575,0.676085758131243,1.13327098494351
"TXNDC11",0.931971847839857,1.02064362804127,0.63844567669639,1.63163986143904
"RAP1GAP",0.351354114117073,1.0706809754461,0.927435394716725,1.23605132790124
"SCIN",0.238471224276058,0.889419432056821,0.731961984299139,1.0807486496416
"SVIP",0.49929663288933,0.948528772589867,0.813714554558656,1.10567867735735
"CYB561D2",0.737297674708025,1.05801897346237,0.760985763457906,1.47099223396743
"PATZ1",0.639802000833468,0.942049689154187,0.73365247896995,1.20964304254992
"VNN2",0.854237880772647,0.984214588254506,0.83055397064916,1.166303924808
"ARSD",0.413538463087998,1.08673570763279,0.890298812147574,1.32651474103998
"SPSB2",0.485343918229968,0.893016801702907,0.649863526221271,1.22714843339608
"OSBPL7",0.925372825966149,1.01242243613036,0.781932454205743,1.31085387704145
"CCDC65",0.322600542095183,0.831413589996251,0.576679054366537,1.1986711714192
"CAMK2N1",0.0643504160415562,1.12732816001306,0.992883980348949,1.27997712271658
"LRRC27",0.113163400106458,0.683381874822729,0.426679055942853,1.09452474953159
"DNAJC12",0.197244944292701,1.09180310788195,0.955354446899016,1.24774007202239
"PLEKHA6",0.612294753214671,1.03856519847982,0.89717880628469,1.20223266971732
"HOXB9",0.791621756388227,0.985241278852717,0.882347007086355,1.10013449329957
"CREB3L4",0.822211200602744,0.970558283209153,0.74785534056938,1.25957966735749
"SLC5A1",0.592389191633529,1.03591373677761,0.910385615767556,1.1787502476517
"EEPD1",0.979511594151187,0.996878392058844,0.785262774348322,1.26552099630412
"METTL7B",0.584260762894301,1.03751678241549,0.909286457406614,1.18383053549915
"SLC12A7",0.518426606870881,0.932483311386678,0.754222771300075,1.15287572730778
"LRRC23",0.726729580202161,0.952301641116119,0.723997345661712,1.25259908908035
"ACSS1",0.00498146770445359,0.755062256308733,0.620615425562696,0.918634934645917
"AMOT",0.199242226807195,0.912000160877718,0.792347067667121,1.04972218284326
"SLC16A4",0.269651072554736,1.10475107819204,0.925649364161746,1.3185067607881
"ASPHD1",0.107787107939545,1.12954600578058,0.973708651168072,1.31032437438479
"KCNK15",0.0132842936600271,1.26592330315272,1.05037668411717,1.52570200167004
"NRGN",0.0785809110209095,0.826225317789415,0.66792012965323,1.02205075943831
"FGFRL1",0.252734870030877,1.13197223732719,0.915334275246561,1.39988327841692
"ERP27",0.778521323255967,1.02317612164092,0.87218298009876,1.20030933850327
"ADH1C",0.056279694120537,0.898463946564292,0.804927042089699,1.00287034857244
"MMP24",0.293493801929695,1.18743348693489,0.861798769868452,1.63611081286363
"MFSD6L",0.389983246574877,1.07127236661025,0.915649512297094,1.25334472202543
"LTK",0.0417513603283439,0.783784932759534,0.619932806444482,0.990944203040627
"AP2B1",0.168731058490968,1.16130794808339,0.938547991148247,1.43693893439768
"HTR3A",0.0805180245657151,0.813641141036045,0.645634757658956,1.02536596509591
"CMTM8",0.295666790482193,1.10077183446135,0.919494230097159,1.3177881838534
"GHDC",0.352363574121077,1.16464330293569,0.844684034840211,1.60580047346289
"C11orf49",0.425666399515813,1.13488700049219,0.831287991854844,1.54936498121707
"SGK2",0.631494192160876,1.05448323576852,0.848963710673165,1.30975550608065
"GALNT6",0.528339041149306,1.05674016254658,0.890155916950056,1.25449907131453
"TMEM71",0.359532196016223,0.911230044405563,0.746910210336141,1.11170015128549
"SERPINA1",0.807618842468286,0.983544044765966,0.86057756658602,1.12408099578076
"SYS1",0.852386207699248,1.04114677202069,0.680855257260998,1.59209551417706
"TPK1",0.769369149079815,0.928646004602967,0.566157714276989,1.52322114512978
"PLEKHH2",0.502987746410997,1.06926780314169,0.878968520787588,1.30076744251432
"SLC2A11",0.436940066642122,0.870428206415032,0.613455799438889,1.23504458384106
"CACNB1",0.606005022665508,0.933352231727865,0.718157502278617,1.21302971243405
"GNAZ",0.0878464495510691,0.838607119484205,0.685144725168127,1.02644284487051
"SLC43A2",0.344193568522959,0.857965153541305,0.624620625715343,1.17848206477033
"LIPH",0.148077397635958,0.894041651060174,0.768143577395798,1.04057431104256
"CXCL3",0.00254709795918069,1.20824043785581,1.06855146427032,1.36619059023694
"HNF4G",0.711536302254576,1.03558740147302,0.860388418471545,1.24646176432129
"RAB34",0.584831625038646,0.92373292682123,0.694938490713468,1.2278533014018
"CADPS2",0.612468143077883,0.947351096787121,0.768469869465449,1.16787155390757
"GALNT10",0.0261402370684659,1.34118204021584,1.03547987568486,1.73713589924461
"TLE2",0.745047226654547,0.976685661316632,0.847233627417975,1.12591716163185
"CYP4V2",0.663512320468205,0.937151875453858,0.699544519294114,1.25546496819516
"SLC25A45",0.00598472702077535,0.519911506837871,0.326111742182772,0.828881453740877
"TCEAL3",0.772837283118903,0.967029228359158,0.770155281961064,1.21422984481743
"GPRC5C",0.947257210612166,1.00548800504079,0.854974758494239,1.18249821791402
"TRAF5",0.453248108859627,1.11276329553134,0.841668023493736,1.471176422673
"ABCC6",0.506081238362109,0.911195319550313,0.692731944405516,1.19855438611672
"KCNE3",0.592276798611065,0.954507489752029,0.804962989400476,1.13183408428663
"CLDN9",0.692922923265432,0.971178917824314,0.839965862228701,1.12288907542483
"SCCPDH",0.870166806604692,0.986124079918676,0.83399248295258,1.16600655386333
"TMEM37",0.144424794133043,0.86798065753744,0.717688015823336,1.0497464152231
"SEMA3B",0.52020749827559,1.04236695984062,0.918529521151481,1.18290033575109
"GLYCTK",0.868472774268342,1.0192272606631,0.813538693551889,1.27692046747442
"CRIP2",0.461579565648488,0.943544312631411,0.808308449145351,1.10140611648981
"ICA1",0.362597148469293,1.07142528244741,0.923549269726186,1.2429787705943
"BIN1",0.371253605046099,1.11051433818721,0.882537860510244,1.39738151812137
"PPIL6",0.406876268203623,0.894574342198873,0.687513408635047,1.16399657616765
"CCDC96",0.0719098559778601,0.73924917822653,0.531981528476538,1.02727128341018
"KLF15",0.931104749067569,0.989235758273724,0.774006848449508,1.26431360059371
"SLC7A2",0.515669176520991,1.03881801838194,0.926126374610081,1.16522205273478
"LRTOMT",0.410714747585743,0.847405523511151,0.571170728778172,1.25723550787228
"CPAMD8",0.431137964275471,0.927830389469262,0.769975460791437,1.11804762029405
"SPEF2",0.548309796370187,0.902254712720022,0.644879765778821,1.2623493708821
"EPOR",0.603769330407356,1.05556186901987,0.860591809529345,1.29470307175952
"ADRA2C",0.169926944954874,0.899937464663312,0.774147084362388,1.04616739720938
"RDH5",0.552809026428732,0.876916598124213,0.56833259608039,1.35305052951243
"PLS1",0.669347439817432,1.03487850420592,0.884205062244057,1.2112275355554
"GPR160",0.270815191922022,0.909547818025797,0.768317226868255,1.07673914412613
"SNTB1",0.0989644906172637,1.17060877446679,0.970829985503701,1.41149832959442
"PIH1D2",0.047622102422808,0.643603430982763,0.416143091108681,0.995391693922423
"TMPRSS2",0.905659375112573,1.00782260995936,0.88597016145083,1.14643410956642
"PADI2",0.77654428169202,0.977137699084918,0.832904160620906,1.14634807714395
"DNAL1",0.336691892755586,0.829263756112105,0.566002143359318,1.21497486408739
"B3GNT3",0.994343301567312,1.0004220714638,0.890264765502617,1.12420974057855
"CYB5D2",0.162518846647217,0.786532210464916,0.561528925035836,1.1016937694872
"RHPN2",0.548407138858918,1.05506911123752,0.885625639011206,1.25693157520866
"PTP4A2",0.120615494572765,1.45554874350502,0.906091678705443,2.33819843456235
"ANG",0.658596520036091,1.03881829374818,0.877350944237524,1.23000203568906
"RARRES1",0.641181421522326,1.02398236315543,0.926845722226158,1.13129926039355
"MPV17L",0.242523657987784,0.898816900178671,0.751581152175279,1.07489632717451
"LXN",0.146372313500403,1.12989585618147,0.958226336335078,1.33232055664312
"PTPN18",0.0825747291112339,0.723441926042721,0.501953133601202,1.0426635184077
"SLC23A1",0.0533727924270505,0.680758491376928,0.460849815333709,1.00560336179415
"SEZ6L2",0.0120609796170691,1.2273277927211,1.0459344209056,1.44017969069363
"C11orf71",0.0460396752414489,0.731277073508338,0.537715881150581,0.994514346674398
"MAP2K6",0.632132980402958,1.05573920206132,0.84549872448999,1.31825776962751
"NWD1",0.193355860192425,0.870004641182817,0.705327044513486,1.07313065841922
"PRAF2",0.0623446916922405,0.784384526255568,0.607600822159388,1.01260410221725
"DISP1",0.446347051851996,1.12548101487795,0.830245007904088,1.52570325962986
"PBLD",0.566995734862682,0.923073656169498,0.701808431021096,1.21409908609165
"ACBD4",0.716832744586726,0.948060913568533,0.710659933138868,1.2647673717392
"SLC25A29",0.0160256911422918,0.730854320798422,0.566255794229811,0.943298141357195
"DPP4",0.192447422739967,1.10683309993575,0.950151935688096,1.28935117121683
"SMPD3",0.387716473115323,0.905792748987939,0.723641300630125,1.13379446889598
"LGALS3",0.727873638048026,0.953362831296904,0.728490454912639,1.24764941252037
"B4GALNT3",0.0360079399183058,0.843816719904048,0.719963535755432,0.988975998683769
"GLB1L",0.181865241142633,0.864955753271726,0.699028033130973,1.07026960244623
"FSCN2",0.495025891321447,1.12130225814666,0.807045130548433,1.55792867899516
"MMP15",0.171622073283917,1.1549385636923,0.939430144995913,1.41988533475198
"CDC42EP2",0.207774279609497,1.18709470698781,0.909064342931606,1.55015852762855
"DOK7",0.568588802044686,1.05109695694736,0.885605840540906,1.24751301575565
"MRAP2",0.960016370072886,1.00335546858171,0.880193554551495,1.14375092969842
"STEAP2",0.958456723744804,0.994315524746148,0.802361151143015,1.23219246263705
"TSPAN12",0.169055957718376,1.10153919253956,0.959715767922548,1.26432078460822
"CCDC153",0.0769576468699933,0.74371729193141,0.535677535481221,1.03255293284028
"CCDC149",0.701218358851595,1.05819954557322,0.792623813478631,1.41275881346147
"FAM167A",0.895635872976883,0.989045954613006,0.838964521932291,1.16597528830343
"TSPAN13",0.190542262149906,1.14020794381506,0.936829112219551,1.38773885032117
"REPS2",0.932006220215744,0.98893869512943,0.765952443405688,1.27684133805459
"SCGB3A1",0.745625937287537,1.0160331333891,0.922939829196335,1.11851639238863
"LDLRAD1",0.0436430505129986,0.786006295041417,0.622063168937086,0.993156204538479
"ATP1B1",0.56167700586639,1.05633851050859,0.877839918651034,1.27113272599658
"FBP1",0.238532192488289,0.919839122495875,0.800514959404318,1.05694965638567
"DDAH2",0.74128843501954,1.03724408898256,0.834836720018261,1.28872541699619
"FCGBP",0.153355645458424,0.911664300476251,0.80296923271245,1.03507303007771
"RNF183",0.622037661590364,1.03975840032839,0.890453461395441,1.21409773550574
"GALM",0.789333305718253,0.975704784947665,0.814629570290793,1.16862910712895
"MAGIX",0.0164177904802206,0.693596810699969,0.514421975654188,0.935178819297883
"STS",0.519554088789071,0.935766972232647,0.764580769748902,1.14528099707377
"PRRT3",0.477126030367879,0.904138078391463,0.684823632345611,1.19368787259499
"HOXB5",0.846755838604796,1.01257050795158,0.892080782384413,1.14933429104127
"GDF15",0.325889523256328,0.942679839280878,0.837954156880315,1.06049390899262
"SFXN2",0.0879687403561245,0.752559645091077,0.54290102778652,1.04318465140631
"TSPAN15",0.699772317866316,1.04851124655656,0.824156684481427,1.3339403233104
"FAM3D",0.392702920482289,0.957036890746459,0.865359187587324,1.05842709407557
"MAGED2",0.971565123572183,1.00562978424881,0.738545900185642,1.36930048994125
"EFHC2",0.142321400711457,0.849792540148095,0.683731198704748,1.05618606063228
"LRRC26",0.702845150089186,1.0384431955591,0.855484668125863,1.2605302123829
"JSRP1",0.0805535375094067,0.837152447151841,0.685839861408949,1.02184818819452
"GATA6",0.212015803478779,1.12500912235501,0.935015862439077,1.35360861374097
"TRIM31",0.245172628044916,0.930801917788287,0.824774680953967,1.05045927107783
"ANPEP",0.429780347727362,1.05177138547042,0.927909060316115,1.19216752438812
"ABCA7",0.452035011873005,0.904859322059988,0.697301800414902,1.17419801903807
"PRR15L",0.813493725836583,0.987655462904164,0.890818699759643,1.09501890077929
"SLC35C1",0.0966560283436469,1.27243324739283,0.957608429267231,1.69076035630721
"NKAIN4",0.845647061578326,0.983694039762804,0.833635022990967,1.16076452785424
"LCN12",0.631842006395266,0.944600837821316,0.748167025023031,1.19260902040593
"SCNN1A",0.402501325252403,0.943877537507358,0.824495304766611,1.08054563884162
"FARP1",0.294486334686077,1.12644939182717,0.901636041779815,1.4073175578064
"OSCP1",0.220068800945476,0.832702064267999,0.62146252879261,1.11574342089993
"SPATA17",0.204934271816096,0.819500460845936,0.602394302550781,1.11485285050499
"CEACAM3",0.433753271422006,0.815067163721098,0.488468344903229,1.3600358924138
"DTX1",0.0211441403807029,0.711698929794111,0.532996378271771,0.950316713806663
"C9orf24",0.0138072139558267,0.72855917524327,0.566220618525919,0.937441086502675
"FOLR1",0.828527162256324,1.01079508755828,0.917203749102374,1.11393647271051
"VPS37D",0.975927828448182,1.00294249163918,0.828690725958699,1.2138347999149
"TLE6",0.118991985578037,1.19718303211174,0.954770118324319,1.50114376735177
"FRAS1",0.393996237140427,0.919196496942907,0.757304828806715,1.11569630596896
"CCDC60",0.0566506691100785,0.864506253086898,0.744296354748033,1.00413102503956
"RHOBTB2",0.30562504149925,1.12311241595388,0.899401759768957,1.40246723465806
"CTSE",0.986763546043424,1.00091741975009,0.898150898270972,1.11544249756673
"MDH1B",0.143970099865693,0.782218542281997,0.562654210138759,1.08746337779802
"RASD1",0.714904925622645,1.02310346784622,0.905095098322286,1.15649803855885
"SPATA13",0.169787271158579,0.828464940120825,0.63328693592895,1.0837964879263
"RIBC1",0.00377089471246799,0.59478867947149,0.418497607415816,0.845341925398232
"SPAG16",0.858619881467103,0.978273559096035,0.768238273319861,1.24573220270681
"VASN",0.776388906609096,1.02739916093516,0.852573103826203,1.23807451953755
"SLPI",0.354512165314235,0.946078640142479,0.841333182396077,1.06386484220763
"AP4B1",0.332647177487533,0.814490987018093,0.537775374857133,1.23359231186431
"PARD6A",0.375416788228881,0.908262821961852,0.734189368146568,1.12360841705
"WDR78",0.386525275615486,0.858414101779459,0.607611428487131,1.21274014211443
"LPIN2",0.577834515639077,0.941374701430449,0.760963624716811,1.16455806783545
"PAX8",0.710212173362982,0.977785426637811,0.868520908111366,1.10079599882551
"SMPD1",0.875173844744133,1.02695647179513,0.736920932507672,1.43114348967271
"SIGIRR",0.0669169824698074,0.787246274250134,0.609506930398301,1.01681648790395
"CHN2",0.537633013340568,1.09863206672879,0.81461747902127,1.48166771414594
"CCNO",0.0644100764862438,0.824845719607587,0.672577880439161,1.01158613885831
"GOLM1",0.186805561692431,1.13363185820009,0.941014260480386,1.36567663626069
"SERPINA5",0.00651764788134196,1.26417237452845,1.0677304697756,1.49675581783928
"SELENBP1",0.376974265569659,1.05635325671168,0.935383707943001,1.19296732826286
"STRA6",0.587249829711483,1.040649438314,0.901205417881126,1.20166971034132
"GPD1",0.525153766238037,0.904502559941064,0.663674791914868,1.23271953508953
"ENPP4",0.436031975720409,1.0589749153031,0.916782235253635,1.22322164208489
"LRRC46",0.0885607572957326,0.751532332147981,0.540979091990491,1.04403451931135
"NOSTRIN",0.991046661858798,0.998261367862092,0.736626468517575,1.35282371888069
"C16orf86",0.38696660736397,0.860083246825108,0.611281593992448,1.21015126046533
"PNPLA7",0.247660824252764,0.803248147954155,0.554028609434406,1.16457449345523
"RFK",0.285887805162671,1.14621232136755,0.892114313103404,1.47268423604197
"SYTL3",0.0037707159643502,0.701600678753731,0.552017229352992,0.891717660705347
"PARD3B",0.711000329718464,0.952652875291908,0.73705851663397,1.23130997108149
"PLCB4",0.585396165539271,1.04293315815074,0.89673456326761,1.2129671554164
"RWDD2A",0.526800221583335,1.12877979269589,0.775690609170375,1.64259281385567
"GYG2",0.124192809479209,1.1314734857363,0.966620442124829,1.32444152133805
"TTLL1",0.173888503372113,0.815849710708549,0.608428870853522,1.09398285050064
"DNAJB13",0.626490907579592,0.940704905519245,0.73543253684167,1.20327246203751
"C4orf19",0.98463265008311,0.998698942882404,0.874783221596948,1.14016770542723
"CAPN13",0.903084207010464,0.99192228129807,0.870525261642467,1.13024843216976
"C2orf88",0.797325218189806,0.979652098164469,0.837399760855208,1.14606939039237
"FAM174B",0.926807591167412,1.00714765577365,0.865163093496019,1.17243373897458
"HOXB8",0.813034361940221,0.986973611737087,0.88535224311671,1.10025915429565
"NANS",0.102609239510115,0.718884752139168,0.483668949990771,1.06848969086821
"HOXB6",0.746569755143228,1.01924858287028,0.90795041845327,1.1441898726726
"ENPP1",0.241936335135618,1.13812908695435,0.916375282287914,1.41354513113608
"BMPR1B",0.150704598861669,1.1185000376702,0.960068435520823,1.30307620580149
"CACNA1D",0.521920888032947,0.914915913402294,0.696922901245205,1.20109574115177
"MARCKSL1",0.778785694674183,0.968951635764993,0.777546546939277,1.20747404274046
"PLCH1",0.914566907589657,0.990611127428309,0.833789156468297,1.17692872133448
"GLRX",0.574270018701521,0.928361136706068,0.716283846257658,1.20323026220552
"TFF1",0.0884724818983575,1.06928709146376,0.989965432981785,1.15496445216998
"TMEM63A",0.092389075742993,1.22383549765833,0.967296052244213,1.54841252774025
"CD55",0.842748069664168,0.984691896417363,0.845490740866854,1.14681105777209
"HOXB3",0.516494674750522,0.948566305754014,0.808698958933072,1.11262420517878
"ITM2C",0.452262549620968,1.06987093350781,0.897115164264687,1.27589395426511
"FUT4",0.347143622190308,1.10965401482476,0.893270182133187,1.37845419811977
"CRISP3",0.752189457100582,0.981433140231356,0.873651284329526,1.10251198163531
"CGN",0.803536613264861,0.979864212684936,0.834768621322088,1.15017964352808
"TMEM53",0.529174200392519,1.13145487190451,0.770148639562958,1.66226370000852
"MAK",0.0516349748746562,0.705593398458078,0.496632552567274,1.00247565604387
"RHOU",0.213191063377123,0.896372819210338,0.754542001720494,1.06486349227346
"ADAM28",0.93104857497314,0.991381475608654,0.81486945151141,1.206128452057
"RGS3",0.346605349621104,1.20455506914716,0.817544505592808,1.77476933021037
"LIF",0.0036662448988534,1.24814739389514,1.07480229074175,1.44944975490526
"SLAIN1",0.832267474866537,1.02230260667632,0.833547221471629,1.25380133566047
"SEL1L3",0.892243004349161,1.012719768838,0.84346856494613,1.21593308016262
"TST",0.467659238090091,0.926065646890248,0.75269966866903,1.13936224240235
"TEKT2",0.0522321777870103,0.838340601448521,0.701619054233284,1.00170450017936
"S1PR2",0.138661961777859,0.769509248748491,0.544010712247068,1.08847945560406
"EID2B",0.0297071817256908,0.681419293013094,0.48220061108761,0.962944140288744
"NR3C2",0.234581654342077,0.89468658789013,0.74469843058729,1.07488354704765
"TMEM8B",0.885046694685263,1.01926021308879,0.786984812257071,1.32009076389449
"TSPAN8",0.0592739322737185,1.08157774206949,0.996935984812348,1.17340574516459
"PIWIL4",0.773163005821116,1.03988949241487,0.797036702786705,1.35673821877215
"INSR",0.616186501846884,0.93532746626744,0.72016178601471,1.21477907623441
"ARL3",0.0474213767340005,0.733198114615124,0.539480724909302,0.996475778380312
"WDR38",0.0223188381887115,0.659121951535301,0.460973850197376,0.942443365951643
"KAZALD1",0.150561469107071,0.868293771411517,0.716216881283316,1.05266169113626
"EFHC1",0.929115019107123,0.98871244410357,0.769928455515433,1.26966640877148
"IQGAP2",0.159937041998159,0.880826380235156,0.737952200144628,1.05136228602084
"IVD",0.979634294326638,1.00346934935176,0.769166163107557,1.30914590810937
"TCN2",0.000481678005246285,0.674722764769968,0.540982969270017,0.841525214579545
"SLC38A10",0.797814193288705,1.05675755562527,0.692698382667886,1.61215409089025
"SGSM3",0.141698958742564,0.779386364826505,0.55895407087642,1.08674958700099
"CCDC151",0.182550628280386,0.813814799339471,0.601121216758996,1.10176534974887
"DCPS",0.0913634317529876,0.704510219581498,0.469129607947562,1.05799045953682
"DENND3",0.544754041068629,0.898441648027784,0.635293428613778,1.27058987005769
"LRRN1",0.901174782047054,0.991939923753522,0.872995382247758,1.12709051198268
"ALDH3B1",0.984820177862019,0.998319773491685,0.839529488587451,1.1871439701557
"TMPRSS3",0.805226707237327,1.01558339409074,0.898127372150579,1.14840017388974
"TMEM231",0.54205269903772,0.924956401369874,0.719806141012275,1.18857605636976
"NPHP1",0.52671263499775,0.899067905952612,0.646735981311059,1.24985020606923
"SUSD2",0.900716141429294,0.988807341794995,0.828542543341402,1.1800721242926
"SLC41A2",0.0898512325382968,1.19085952380207,0.973201095051003,1.45719770830689
"RAB17",0.479671325969618,1.05449501321352,0.910216344131707,1.22164333793953
"TMEM205",0.226660898730769,0.859066601494452,0.67154517669001,1.09895127151496
"MUC16",0.289809975376913,0.928532721874995,0.809415142336984,1.06518024002279
"HOXB2",0.360848643234269,0.933465468262401,0.805304146878349,1.08202321298859
"BCAS1",0.327950141304468,0.925405332382723,0.792276640637266,1.08090404951679
"FMN1",0.509397820469729,1.09651780384904,0.833955725813809,1.44174475567586
"PDE4C",0.339667228560882,0.894924289329091,0.712554490504844,1.12396945679726
"VILL",0.245193169866825,0.904345687484082,0.763290271075554,1.0714680292186
"ABCC3",0.474376103479611,1.05341380564614,0.9134464052051,1.21482841204758
"RAB36",0.00440791805035536,0.748013009745258,0.612514229605525,0.913486472156748
"PDE3A",0.103582735057209,1.15574700084644,0.970887762727734,1.37580385832933
"TP53I11",0.433813318658062,0.93172224939971,0.780503470950801,1.11223893593828
"PLA2G10",0.655738715192293,0.953361084105334,0.772793250039609,1.17611968872646
"PDK4",0.72201082565536,1.03284590413462,0.864397095003429,1.23412106293974
"SERPINF2",0.0334752817827485,0.767127474978804,0.600818712932206,0.979471095358106
"MUC13",0.951290591488634,0.997412787187349,0.917860854647981,1.08385956652043
"CPD",0.516627545237866,1.07378690201287,0.865928028394518,1.3315405820414
"TTC21A",0.0315449359197942,0.641755577489123,0.428327828986405,0.961530382494642
"NEK6",0.027226409668274,1.31827450892248,1.03155702522034,1.68468406339787
"SH3BGRL2",0.553598878344882,0.956928685484141,0.827211941291099,1.10698656945544
"ATP7B",0.613930240344894,1.03662529730307,0.901422131395775,1.19210741514052
"SPNS3",0.0129593255974746,0.60365493662563,0.405401106746166,0.898861094478104
"P2RX4",0.75406565556485,0.953175221889664,0.706111167065592,1.28668550506016
"PODXL",0.897281121329356,0.987547272871605,0.816460346132454,1.19448497502159
"ACE",0.812704164465049,0.970316548587967,0.756242563241795,1.24498970334024
"UCP2",0.000956077539106253,0.703224318715466,0.570643643125975,0.866608168495202
"SPEF1",0.0441502323613673,0.73583866381419,0.545824782585833,0.992000650096363
"ACSM3",0.640840904756906,0.945434074898897,0.746883653342253,1.19676684043095
"LY6G5C",0.330629481259913,0.833824871416331,0.578184968107106,1.20249393281298
"NXNL2",0.976056201776024,0.996240360711969,0.779000720465709,1.27406153837467
"MGAT3",0.205097770645532,0.902963988293807,0.771088572116739,1.05739339634775
"TMEM62",0.343377479552139,1.13326484018554,0.874872893525822,1.46797232775718
"C3",0.553185179218619,1.03835465617116,0.916895520447513,1.17590321683117
"METTL7A",0.13952114902909,0.894713264474705,0.771958385568702,1.03698831516319
"SLC17A9",0.774290502597554,1.02829061270271,0.849782368522634,1.24429692041129
"GPR35",0.860151670916669,0.984185029054678,0.824247504691169,1.1751569351469
"FOXJ1",0.0298968894760634,0.905179937948616,0.827339315573602,0.990344233183935
"TNNC1",0.518455130983129,0.95558254499662,0.832485717033266,1.096881281707
"KIF13B",0.689282297410655,1.04959134992794,0.827902045273598,1.33064292826997
"BMP3",0.285077706123349,0.918276000195745,0.785389645525674,1.07364645986784
"TJP3",0.452571571621226,0.954707177627073,0.84595003928672,1.0774463652501
"GCNT3",0.9036638419298,1.00750084396946,0.892669875374876,1.13710340026081
"GLRB",0.824500967767059,1.01984308265859,0.857261992295447,1.21325793350713
"CCDC57",0.369317883636704,0.858639342581264,0.615611974748645,1.1976075041903
"OCEL1",0.609300801321304,0.921193589361437,0.672413423198924,1.26201768109195
"FCGRT",0.405631027572569,0.904015441155798,0.712671386198151,1.14673316997869
"RGL3",0.534689841062232,1.03732847913097,0.923998158275429,1.16455900261157
"COL9A2",0.13394356919984,0.896592394088628,0.777322524263579,1.03416264940882
"HSH2D",0.0916913192373509,0.845155029207269,0.695068696734096,1.02764953557907
"C2CD2L",0.603466931198452,0.903628881086245,0.616488393859736,1.3245101819694
"SLC40A1",0.10496063160647,0.889642101705034,0.772362617532198,1.02472990168139
"SCGB2A1",0.52901344883822,0.974021059007138,0.897379878385717,1.05720781827203
"KLHDC9",0.865153516938512,0.983266900694477,0.809259945597944,1.19468880581624
"B3GNT7",0.841053771462163,0.982153201830027,0.823655757167228,1.17115057288323
"SLFN11",0.738889795775283,0.970777324900163,0.815421692147826,1.15573159705625
"MAGED1",0.837529794265172,0.979161566793981,0.800640978845853,1.19748726235387
"PLA1A",0.00172953074748736,0.711564352585185,0.57512881165808,0.880365959080115
"ENTPD8",0.706122444936624,1.0268841216749,0.894610968935329,1.17871458764136
"FAIM2",0.831546181175008,1.02855450132039,0.793535789751481,1.33317788037985
"TMEM125",0.324161298284862,0.929275098147089,0.803189586933906,1.07515364004257
"RNASE4",0.829116748694064,0.969270758569001,0.730054018816549,1.28687162758158
"NEK8",0.279233879381042,0.83411921611125,0.600543076491197,1.15854281553148
"MAPK8IP1",0.459458395750538,0.935017980585538,0.782539816689439,1.11720656939456
"CUEDC1",0.516499519461497,0.934885048188671,0.762807243966025,1.14578100855799
"PTPRJ",0.551219154810281,0.920536277935535,0.701092471026202,1.2086665796811
"CABLES1",0.856646983459978,1.01938101173891,0.827725217730803,1.25541378326328
"DUSP4",0.146183324392995,1.11935172880831,0.961439072402723,1.30320092947224
"PRKAB1",0.502299824236937,0.899169767050127,0.659158921603797,1.22657259649889
"GMPPA",0.264093317159309,0.792377755355588,0.526690187279985,1.19209076293004
"KDELR3",0.217674748927202,1.12792223298303,0.931448547370061,1.36583879726851
"SLC27A1",0.395245048138734,0.874592670413415,0.642158331405238,1.19115847561614
"HNMT",0.861001126236983,1.01800411963477,0.833692429354811,1.24306321024813
"MCF2L",0.573825382374959,0.943809568392318,0.77154377283407,1.15453786648663
"GNE",0.262628069528047,0.896859164009641,0.741324000856586,1.08502673478621
"DDAH1",0.828540532469474,1.01544314779217,0.883940823281892,1.16650884226583
"PLCL2",0.319347533592207,0.889585916713613,0.706606986092922,1.11994803163626
"SPAG8",0.0183597438288925,0.65169615178162,0.456560579635819,0.930233342935006
"NHLRC4",0.446146891601826,0.840055279846393,0.536513388448241,1.31533133821484
"GJB1",0.627190110397383,1.02696669269457,0.922403949131666,1.14338255912377
"NPDC1",0.528012701093829,1.05977149471216,0.884922424225801,1.26916844941185
"CCPG1",0.395035201434221,0.853990480786924,0.593596870604143,1.22861116254273
"TMEM47",0.675394556169067,1.03516977965074,0.880543229750223,1.21694930640274
"ARMC9",0.661194196685327,1.07288189068517,0.783286713379,1.46954561043757
"TTC25",0.292412954489461,0.881155130999896,0.696245370658875,1.11517346844645
"PLEKHB1",0.930925890016945,1.00694019980799,0.861164256090575,1.17739276661607
"NBEA",0.614172284440166,0.944801303500363,0.757649332654816,1.17818292001674
"GCNT2",0.0206603006027314,0.801192916971519,0.664059424540054,0.966645553822138
"CCDC114",0.134522568953389,0.868651426907713,0.722356848441279,1.04457416455178
"TSPAN1",0.747822097687664,0.982378743305277,0.881476815887054,1.09483083151414
"ST3GAL4",0.351787790492384,1.10658999536313,0.894123326838039,1.36954420165752
"KLHDC7A",0.417087244199662,0.936944776908787,0.80056269365731,1.09656060909633
"EPS8",0.552715435029923,0.951078412396427,0.805938771429295,1.12235591411284
"CLIC5",0.845941223006217,1.02027195386056,0.833288430531067,1.24921314360627
"KIAA1324",0.571142295942872,0.970558074309551,0.875202579923276,1.07630278659604
"BCL2L15",0.430259232195186,0.943786599282512,0.817405599935941,1.08970766172272
"IQCD",0.145061435330279,0.843318865263088,0.670577877629033,1.06055796386122
"MMEL1",0.774823714870578,1.03011374273353,0.840629626998154,1.26230897518774
"TFF3",0.99938681971516,1.00002683673195,0.93387253066148,1.07086742713778
"PLLP",0.0464384860562829,0.802682927799736,0.646538275990007,0.996537879516222
"CRYM",0.154074047799222,0.89263280080231,0.763556724534527,1.04352864884258
"PRR15",0.689861240087757,1.02149320062516,0.920182510634808,1.1339580429578
"ATP2A3",0.044928048564957,0.830024309000557,0.691849943939666,0.995794477641718
"SHROOM3",0.340373944980777,1.08996870049628,0.913065266841965,1.30114660058268
"TSPAN3",0.738622761374393,1.04197403850036,0.818405676077828,1.32661579537419
"RILPL2",0.0766752095091198,0.729765252313526,0.514883861275849,1.03432514308097
"ACY3",0.452883291689961,0.945829660260322,0.817818918602068,1.09387753924466
"NUCB2",0.177286473731912,0.841635518609295,0.655163006792609,1.08118184152751
"CLDN10",0.423410405347669,0.950897583841693,0.840614940036357,1.07564851859148
"ARRB1",0.451941690073131,0.899151686619642,0.681608959910392,1.18612548118093
"CLIC6",0.105621565532078,0.919880563715078,0.831385992202556,1.01779469396522
"ZMYND10",0.0350984974567892,0.808309027751305,0.663152648469514,0.985238445254127
"ZNF69",0.95792762115439,1.00542176673147,0.822438369179733,1.22911693678109
"CAPS",0.0888796578958017,0.872686899692984,0.745978974112074,1.02091674340051
"LMCD1",0.457774557369032,0.908513597897457,0.705248347207171,1.17036354758321
"C9orf116",0.0789855270186969,0.809309278354369,0.639133376039839,1.02479628288047
"UBXN10",0.492567719675065,1.05016724636847,0.913148710677106,1.2077454991174
"FAM107A",0.0323652839508848,0.783861886212295,0.627148987204127,0.979734431838135
"ALDH1A2",0.532132703694518,0.945662849795136,0.79362777368235,1.12682324779701
"CLDN3",0.260353023773131,0.956940633370478,0.886338280432453,1.03316690253827
"DNALI1",0.476665329192823,0.957185446512568,0.8485141731403,1.07977451410699
"C9orf152",0.613992494280227,1.02949230278786,0.919541640765555,1.15258989317447
"GMDS",0.951019232460445,1.00665656848621,0.814602861951737,1.24398954902822
"FUCA1",0.586888467090512,0.934369420940142,0.731431938781809,1.19361237662395
"ALDH1A1",0.0784663526302132,0.911949058964412,0.822970817900862,1.01054748000343
"FAM107B",0.355428199575636,0.918096559532759,0.765909849841278,1.10052285239649
"KCNQ1",0.717753722605967,0.971649230481392,0.831346614756941,1.13563008537793
"TMC5",0.77762385939033,1.01594919066219,0.91029176353611,1.13387025935253
"ST6GALNAC4",0.861132052362515,0.975164117062562,0.735704966651376,1.29256304947174
"SLC44A4",0.635168812998187,0.978024982466989,0.892250021183887,1.07204577598146
"PKDCC",0.66681404617857,1.0266583716152,0.910771197180475,1.1572911124886
"DOK1",0.154943016841377,0.808019390306817,0.602345350056157,1.08392193124913
"SORBS2",0.520258095906734,1.05700367247763,0.892650827063061,1.25161679097652
"DNAJC22",0.916493671712965,1.00764384614921,0.873954882815469,1.16178322319272
"PGPEP1",0.266186264659633,0.869358829718018,0.679239832198658,1.11269206984263
"VSIG2",0.725552083671967,0.979393894725227,0.871908557736109,1.10012958642776
"VTCN1",0.015453365483564,0.869899761363596,0.777100313228071,0.973781096132889
"ARHGAP26",0.173434326639036,0.850644060353011,0.673902519470858,1.07373885169923
"RSPH1",0.360907386769817,0.916131945747322,0.759187733251825,1.10552068382851
"AGR3",0.324019775500274,0.955728424971549,0.873479504782943,1.04572210028623
"SLC34A2",0.617109722886231,0.97751390404273,0.894132298251528,1.06867119604716
"MITF",0.321293742818227,0.877660139782998,0.678156691450639,1.13585448713364
"ORAI2",0.964687903574586,0.993693890355735,0.750969623766384,1.31487015783409
"SLC2A10",0.26201090289164,1.08346308656963,0.941846655293931,1.24637301981249
"CAPN5",0.736555068929836,0.976535623795788,0.850376550358059,1.12141124322007
"CP",0.789435305338952,0.987280362898973,0.898745337063104,1.08453693696047
"CABP4",0.580435606830029,1.05984545444808,0.86245461471615,1.3024133306817
"NR2F2",0.335151379765195,0.911342133405159,0.754552722564014,1.1007110030658
"CRIP1",0.0110698446068081,0.747589931423838,0.59730457691159,0.935687967529207
"GNA14",0.714800320207019,0.957674341256305,0.759411504448764,1.20769851197662
"AQP5",0.331507290177639,0.96395284974512,0.895107357627241,1.03809346288347
"NEDD9",0.0933889199026545,0.851764465736609,0.70618718780845,1.02735183760989
"MLPH",0.735062907437249,1.02123204905168,0.904225573119641,1.15337912243751
"HGD",0.46388019745548,0.953976993865767,0.840978761042859,1.08215825058011
"GLIS3",0.809450317484878,1.02633569761346,0.830860509175091,1.26780001283432
"CHST6",0.0797106170119814,0.873316988740716,0.750541438735741,1.0161764873474
"ASRGL1",0.189920019017767,0.915779208043673,0.802896216120944,1.0445329558743
"SPDEF",0.471721508087012,1.03210023607328,0.947004407923555,1.12484259670786
"PIP5K1B",0.815155278932512,1.02090826990801,0.858309817222508,1.21430941910848
"WFDC2",0.987261821891799,1.00058518075131,0.93124611667029,1.07508711823557
"AGR2",0.62234928357197,0.980855686718334,0.908235006338906,1.05928297351787
"RAB20",0.457459142388752,0.92651669776251,0.757564525975475,1.13314861216262
"RBPMS",0.391500276656534,0.912046260335746,0.738864012272037,1.12582067495007
"CREB3L1",0.710340618064792,1.02133549694243,0.913659427322886,1.14170134529351
"SLC9A3R2",0.286556756157756,0.891376341183704,0.721468397362199,1.10129810886666
"PIGR",0.478522214276592,0.975314756862113,0.910171241931538,1.04512077632151
"ST6GALNAC1",0.190094011157335,0.922031597573156,0.816605229841295,1.0410688492511
"ST6GAL1",0.409642198394689,0.94254425055436,0.818869638264925,1.08489754991461
